[
  {
    "Type": "Scoreboard",
    "X": 739.0,
    "Y": 7.0,
    "Scale": 1.0,
    "HorizontalFacing": "Right",
    "VerticalFacing": "Middle",
    "Text-R": 255,
    "Text-G": 255,
    "Text-B": 255,
    "Background-R": 0,
    "Background-G": 0,
    "Background-B": 0,
    "Background-Alpha": 95,
    "Blur": false,
    "Rect": false,
    "Rect-Color": "Custom",
    "Rect-R": 0,
    "Rect-G": 111,
    "Rect-B": 255,
    "Rect-Alpha": 255,
    "Shadow": false,
    "ServerIp": "ClientName",
    "NoPoints": false,
    "Font": {
      "fontName": "Minecraft Font",
      "fontSize": -1
    }
  },
  {
    "Type": "NewRadar",
    "X": -1.0,
    "Y": 73.0,
    "Scale": 1.0,
    "HorizontalFacing": "Left",
    "VerticalFacing": "Up",
    "Size": 90.0,
    "View Distance": 4.0,
    "Player Shape": "Circle",
    "Player Size": 5.969512,
    "FOV Size": 10.0,
    "Use Exhi Rect": false,
    "Blur": false,
    "Line": false,
    "Line-Rainbow": "Off",
    "Line-Red": 255,
    "Line-Green": 255,
    "Line-Blue": 255,
    "Line-Alpha": 255,
    "GidentSpeed": 100,
    "Saturation": 0.9,
    "Brightness": 1.0,
    "Seconds": 2,
    "Line-Distance": 0,
    "Gradient-Amount": 25,
    "Background Red": 0,
    "Background Green": 0,
    "Background Blue": 0,
    "Background Alpha": 50,
    "Border": true,
    "Border Strength": 2.0,
    "Border Red": 0,
    "Border Green": 0,
    "Border Blue": 0,
    "Border Alpha": 150,
    "Shadow": false
  },
  {
    "Type": "Notifications",
    "X": 259.0,
    "Y": 106.0,
    "Scale": 1.0,
    "HorizontalFacing": "Right",
    "VerticalFacing": "Down",
    "Font": {
      "fontName": "Roboto Medium",
      "fontSize": 30
    },
    "Blur": true
  },
  {
    "Type": "Text",
    "X": 2.0,
    "Y": 6.0,
    "Scale": 2.6499994,
    "HorizontalFacing": "Left",
    "VerticalFacing": "Up",
    "Brightness": 1.0,
    "Border-Mode": "Slide",
    "DisplayText": "IDeal",
    "Text-R": 0,
    "Text-G": 111,
    "Text-B": 255,
    "NewRainbowOffset": 1,
    "AstolfoOffset": 5,
    "AstolfoRange": 109,
    "AstolfoIndex": 109,
    "Saturation": 0.9,
    "Text-Color": "Astolfo",
    "Rainbow-X": -1000.0,
    "Rainbow-Y": -1000.0,
    "Shadow": true,
    "Border": false,
    "Slide": false,
    "NotChar": false,
    "SlideDelay": 100,
    "BordAlpha": 255,
    "Distance": 0,
    "Amount": 25,
    "Font": {
      "fontName": "Roboto Medium",
      "fontSize": 40
    }
  },
  {
    "Type": "GameInfo",
    "X": 93.0,
    "Y": -11.0,
    "Scale": 0.84999996,
    "HorizontalFacing": "Left",
    "VerticalFacing": "Up",
    "Mode": "LoseLine",
    "Blur": false,
    "RectA": 120,
    "TextRed": 233,
    "TextBlue": 255,
    "Textalpha": 255,
    "Brightness": 1.0,
    "Text-R": 255,
    "Text-G": 255,
    "Text-B": 255,
    "NewRainbowOffset": 1,
    "AstolfoOffset": 5,
    "AstolfoRange": 109,
    "AstolfoIndex": 109,
    "Saturation": 0.9,
    "Color": "Custom",
    "Distance": 0,
    "Gradient-Amount": 25,
    "Font": {
      "fontName": "AlibabaSansLight35",
      "fontSize": 35
    }
  },
  {
    "Type": "Model",
    "X": 190.0,
    "Y": 166.0,
    "Scale": 0.9,
    "HorizontalFacing": "Left",
    "VerticalFacing": "Up",
    "Yaw": "Animation",
    "CustomYaw": 0.0,
    "Pitch": "Player",
    "CustomPitch": 0.0
  },
  {
    "Type": "Armor",
    "X": 279.0,
    "Y": 428.0,
    "Scale": 1.0,
    "HorizontalFacing": "Middle",
    "VerticalFacing": "Down",
    "Alignment": "Vertical"
  },
  {
    "Type": "Effects",
    "X": 826.0,
    "Y": 356.0,
    "Scale": 1.0,
    "HorizontalFacing": "Right",
    "VerticalFacing": "Down",
    "Font": {
      "fontName": "AlibabaSansLight35",
      "fontSize": 35
    },
    "Shadow": false
  },
  {
    "Type": "Inventory",
    "X": 100.99998474121094,
    "Y": 193.77777099609375,
    "Scale": 0.8999999,
    "HorizontalFacing": "Left",
    "VerticalFacing": "Up",
    "Blur": false,
    "Background": "Shadow",
    "Brightness": 1.0,
    "Text-R": 255,
    "Text-G": 255,
    "Text-B": 42,
    "GidentSpeed": 100,
    "NewRainbowOffset": 1,
    "AstolfoOffset": 5,
    "AstolfoRange": 109,
    "AstolfoIndex": 109,
    "Saturation": 0.9,
    "Text-Color": "Custom",
    "Distance": 0,
    "Gradient-Amount": 25,
    "Font": {
      "fontName": "SFUI Regular",
      "fontSize": 35
    }
  },
  {
    "Type": "Arraylist",
    "X": 0.0,
    "Y": 44.0,
    "Scale": 1.0,
    "HorizontalFacing": "Right",
    "VerticalFacing": "Up",
    "Animation-Speed": 0.25,
    "BRainbowSpeed": 90,
    "BRainbow-Saturation": 1.0,
    "BRainbow-Brightness": 1.0,
    "NewRainbowOffset": 1,
    "BRainbow-R": 0,
    "BRainbow-B": 50,
    "BRainbow-G": 50,
    "Rainbow-X": -1000.0,
    "Rainbow-Y": -1000.0,
    "Text-Color": "OriginalRainbow",
    "Text-R": 0,
    "Text-G": 111,
    "Text-B": 255,
    "R2": 0,
    "G2": 111,
    "B2": 255,
    "GidentSpeed": 100,
    "TwoRainbow": 1.0,
    "Rect-Color": "Rainbow",
    "Rect-R": 255,
    "Rect-G": 255,
    "Rect-B": 255,
    "Rect-Alpha": 255,
    "Random-Saturation": 0.9,
    "Random-Brightness": 1.0,
    "Tags": true,
    "ShadowText": true,
    "Shadow": false,
    "Shadow-Strength": 1,
    "Background-Color": "Custom",
    "Background-R": 0,
    "Background-G": 0,
    "Background-B": 0,
    "Background-Alpha": 255,
    "BackGroundWidth": 1,
    "Rect": "Outline",
    "UpperCase": false,
    "Space": 0.0,
    "TextHeight": 11.0,
    "TextY": 1.0,
    "TagsArrayColor": false,
    "NameBreak": true,
    "Font": {
      "fontName": "Minecraft Font",
      "fontSize": -1
    }
  }
]
