{
  "CommandPrefix": ".",
  "ShowRichPresence": true,
  "targets": {
    "TargetPlayer": true,
    "TargetMobs": false,
    "TargetAnimals": false,
    "TargetInvisible": false,
    "TargetDead": false
  },
  "features": {
    "AntiForge": false,
    "AntiForgeFML": true,
    "AntiForgeProxy": true,
    "AntiForgePayloads": true,
    "BungeeSpoof": true,
    "AutoReconnectDelay": 60000
  },
  "thealtening": {
    "API-Key": ""
  },
  "liquidchat": {
    "token": ""
  },
  "DonatorCape": {
    "TransferCode": "",
    "CapeEnabled": true
  },
  "Background": {
    "Enabled": true,
    "Particles": false
  },
  "Aimbot": {
    "Range": 4.4,
    "TurnSpeed": 2.0,
    "FOV": 180.0,
    "Center": false,
    "Lock": true,
    "OnClick": false,
    "Jitter": false
  },
  "Ambience": {
    "Time": 24000,
    "CycleSpeed": -1,
    "Weather": "NoModification",
    "RainStrength": 1.0,
    "Tag": "TimeOnly"
  },
  "AntiAFK": {
    "Mode": "Random",
    "SwingDelay": 100,
    "RotationDelay": 100,
    "RotationAngle": 1.0,
    "Jump": true,
    "Move": true,
    "Rotate": true,
    "Swing": true
  },
  "AntiBlind": {
    "Confusion": true,
    "Pumpkin": true,
    "Fire": false
  },
  "AntiBot": {
    "Tab": false,
    "TabMode": "Contains",
    "EntityID": false,
    "Color": false,
    "LivingTime": false,
    "LivingTimeTicks": 41,
    "Ground": true,
    "Air": true,
    "InvalidGround": false,
    "Swing": false,
    "Health": false,
    "Derp": false,
    "WasInvisible": false,
    "Armor": true,
    "Ping": false,
    "NeedHit": false,
    "DuplicateInWorld": false,
    "DuplicateInTab": false,
    "AlwaysInRadius": false,
    "AlwaysInRadiusBlocks": 20.0
  },
  "AntiFireBall": {
    "Swing": "Normal",
    "Rotation": true
  },
  "AntiVoid": {
    "Mode": "TPBack",
    "Hypixel-PullbackTime": 800.0,
    "MaxFallDistance": 10.0,
    "ResetMotion": false,
    "BlinkStartFallDistance": 2.0,
    "BlinkAutoScaffold": true,
    "OnlyVoid": true
  },
  "AtAllProvider": {
    "MinDelay": 500,
    "MaxDelay": 1000,
    "Retry": false
  },
  "AttackEffects": {
    "Amount": 3,
    "Sound": false,
    "LightingSound": true,
    "Mode": "Blood"
  },
  "AutoArmor": {
    "MinDelay": 196,
    "MaxDelay": 200,
    "InvOpen": false,
    "SimulateInventory": false,
    "NoMove": false,
    "ItemDelay": 409,
    "Hotbar": false
  },
  "AutoBow": {
    "WaitForBowAimbot": true
  },
  "AutoClicker": {
    "MaxCPS": 20,
    "MinCPS": 20,
    "Right": false,
    "Left": true,
    "Jitter": false
  },
  "AutoHead": {
    "EatHead": true,
    "EatApples": true,
    "Health": 10.0,
    "Delay": 750
  },
  "AutoL": {
    "L": true,
    "AutoLmsg": "@[IDeal]GET BY:1462971669"
  },
  "AutoLeave": {
    "Health": 8.0,
    "Mode": "Quit"
  },
  "AutoLobby": {
    "Health": 5.0,
    "CanHubChat": false,
    "RandomHub": false,
    "HubChat": "[IDeal 1.12.2] Bypass",
    "AutoDisable-KillAura-Velocity-Speed": true,
    "KeepArmor": true
  },
  "AutoPlay": {
    "AutoGG": false,
    "Clientname": "IDeal",
    "Server": "HuaYuTingSw",
    "JoinDelay": 2
  },
  "AutoPot": {
    "Health": 15.0,
    "Delay": 500,
    "OpenInv": false,
    "SimulateInventory": true,
    "GroundDistance": 2.0,
    "Mode": "Normal"
  },
  "AutoRespawn": {
    "Instant": true
  },
  "AutoSoup": {
    "Health": 15.0,
    "Delay": 150,
    "OpenInv": false,
    "SimulateInventory": true,
    "Bowl": "Drop"
  },
  "AutoWeapon": {
    "SpoofItem": false,
    "SpoofTicks": 10
  },
  "BetterFPS": {
    "SinMode": "Vanilla",
    "CosMode": "RivensFull"
  },
  "Bhop": {
    "Mode": "Test",
    "NormalSpeed": 0.25,
    "NormalTimer": 1.0,
    "TestTimer": 1.05,
    "TestSpeed": 0.3,
    "EditSpeed": 0.28,
    "EditTimer": 1.02,
    "EditMotionY": 1.03,
    "LowMotionYSpeed": 0.25,
    "LowMotionYTimer": 1.0,
    "Normal\u0026LowMotionYPotionSpeed": 0.6,
    "LagbackCheck": false
  },
  "Blink": {
    "Pulse": false,
    "PulseDelay": 1000
  },
  "BlockESP": {
    "Mode": "Box",
    "Block": 26,
    "Radius": 40,
    "BlockLimit": 256,
    "R": 255,
    "G": 179,
    "B": 72,
    "Rainbow": true
  },
  "BlockOverlay": {
    "R": 68,
    "G": 117,
    "B": 255,
    "A": 255,
    "Rainbow": false,
    "Info": false
  },
  "BlockWalk": {
    "Cobweb": false,
    "Snow": false
  },
  "BowAimbot": {
    "Silent": true,
    "Predict": true,
    "ThroughWalls": false,
    "PredictSize": 2.0,
    "Priority": "Direction",
    "Mark": true
  },
  "Breadcrumbs": {
    "R": 255,
    "G": 179,
    "B": 72,
    "Rainbow": false
  },
  "BufferSpeed": {
    "SpeedLimit": true,
    "MaxSpeed": 2.0,
    "Buffer": true,
    "Stairs": true,
    "StairsBoost": 1.87,
    "StairsMode": "New",
    "Slabs": true,
    "SlabsBoost": 1.87,
    "SlabsMode": "New",
    "Ice": false,
    "IceBoost": 1.342,
    "Snow": true,
    "SnowBoost": 1.87,
    "SnowPort": true,
    "Wall": true,
    "WallBoost": 1.87,
    "WallMode": "New",
    "HeadBlock": true,
    "HeadBlockBoost": 1.87,
    "Slime": true,
    "AirStrafe": false,
    "NoHurt": true
  },
  "Cape": {
    "Style": "Special2"
  },
  "Chams": {
    "Targets": true,
    "Chests": true,
    "Items": true
  },
  "ChestAura": {
    "Range": 5.0,
    "Delay": 100,
    "ThroughWalls": true,
    "VisualSwing": true,
    "Chest": 54,
    "Rotations": true
  },
  "ChestStealer": {
    "MaxDelay": 101,
    "MinDelay": 96,
    "DelayOnFirst": false,
    "TakeRandomized": false,
    "OnlyItems": false,
    "NoCompass": false,
    "AutoCloseMaxDelay": 0,
    "AutoCloseMinDelay": 0,
    "CloseOnFull": false,
    "ChestTitle": true,
    "Silent": false
  },
  "CivBreak": {
    "Range": 5.0,
    "Rotations": true,
    "VisualSwing": true,
    "Air-Reset": true,
    "Range-Reset": true
  },
  "ClickGUI": {
    "Style": "New",
    "Scale": 1.0,
    "MaxElements": 15,
    "R": 0,
    "G": 160,
    "B": 255,
    "Rainbow": false,
    "Background": "None",
    "Animation": "Azura"
  },
  "Clip": {
    "Mode": "Teleport",
    "Horizontal": 0.0,
    "Vertical": 5.0
  },
  "ConsoleSpammer": {
    "Mode": "Payload",
    "Delay": 0
  },
  "Criticals": {
    "Mode": "AAC4Hyt",
    "Delay": 260,
    "SendC06": true,
    "HurtTime": 7
  },
  "Damage": {
    "Mode": "NCP",
    "Damage": 1
  },
  "Disabler": {
    "PacketMode": "FakeLag",
    "LagDelay": 500,
    "LagDuration": 535,
    "Debug": false,
    "FakeLagBlock": false,
    "FakeLagPosition": false,
    "FakeLagAttack": true,
    "FakeLagC03Spoof": false
  },
  "ESP": {
    "Mode": "ShaderGlow",
    "Outline-Width": 0.73,
    "WireFrame-Width": 4.86,
    "ShaderOutline-Radius": 1.04,
    "ShaderGlow-Radius": 2.0,
    "R": 255,
    "G": 255,
    "B": 255,
    "Rainbow": false,
    "Team": false
  },
  "EnchantEffect": {
    "R": 0,
    "G": 139,
    "B": 255,
    "Alpha": 255,
    "RainBow": false
  },
  "FastBow": {
    "Packets": 20
  },
  "FastBreak": {
    "BreakDamage": 0.8
  },
  "FastClimb": {
    "Mode": "Vanilla",
    "Speed": 0.2872
  },
  "FastPlace": {
    "Speed": 1
  },
  "FastStairs": {
    "Mode": "NCP",
    "LongJump": false
  },
  "FastUse": {
    "Mode": "Hyt",
    "NoMove": true,
    "CustomDelay": 0,
    "CustomSpeed": 2,
    "CustomTimer": 1.1,
    "StopMoving": false
  },
  "Fly": {
    "Mode": "BugSpartan",
    "VanillaSpeed": 2.0,
    "VanillaKickBypass": false,
    "NCPMotion": 0.0,
    "AAC1.9.10-Speed": 0.3,
    "AAC3.0.5-Fast": true,
    "AAC3.3.12-Motion": 10.0,
    "AAC3.3.13-Motion": 10.0,
    "Hypixel-Boost": true,
    "Hypixel-BoostDelay": 1200,
    "Hypixel-BoostTimer": 1.0,
    "MineplexSpeed": 1.0,
    "NeruxVace-Ticks": 6,
    "Redesky-Height": 4.0,
    "Mark": true
  },
  "FreeCam": {
    "Speed": 0.8,
    "Fly": true,
    "NoClip": true
  },
  "Fucker": {
    "Block": 26,
    "ThroughWalls": "None",
    "Range": 5.0,
    "Action": "Destroy",
    "Instant": false,
    "SwitchDelay": 250,
    "Swing": true,
    "Rotations": true,
    "Surroundings": true,
    "NoHit": false
  },
  "Fullbright": {
    "Mode": "NightVision"
  },
  "GhostHand": {
    "Block": 54
  },
  "Gident": {
    "GidentSpeed": 1000,
    "Red": 255,
    "Green": 150,
    "Blue": 196,
    "Red2": 0,
    "Green2": 133,
    "Blue2": 255
  },
  "HUD": {
    "DisplayToggleMessage": true,
    "ToggleSound": "None",
    "Container-Background": false,
    "AnimatedHotbar": false,
    "BlackHotbar": false,
    "InventoryParticle": true,
    "Blur": false,
    "BlurRadius": 5,
    "FontChat": false,
    "LogMode": "Novoline",
    "ClientName": "IDeal",
    "DevName": "JieMo",
    "NovolineRed": 255,
    "NovolineGreen": 255,
    "NovolineBlue": 255,
    "ShadowMode": "Autumn"
  },
  "HighJump": {
    "Height": 2.0,
    "Mode": "Vanilla",
    "OnlyGlassPane": false
  },
  "HitBox": {
    "Size": 1.0
  },
  "HytGetName": {
    "GetNameMode": "4V4/1V1"
  },
  "IceSpeed": {
    "Mode": "NCP"
  },
  "Ignite": {
    "Lighter": true,
    "Lava": true
  },
  "InvCleaner": {
    "MaxDelay": 360,
    "MinDelay": 229,
    "InvOpen": true,
    "SimulateInventory": true,
    "NoMove": false,
    "IgnoreVehicles": false,
    "Hotbar": true,
    "RandomSlot": false,
    "Sort": false,
    "ItemDelay": 0,
    "SortSlot-1": "Sword",
    "SortSlot-2": "Bow",
    "SortSlot-3": "Pickaxe",
    "SortSlot-4": "Axe",
    "SortSlot-5": "None",
    "SortSlot-6": "None",
    "SortSlot-7": "Food",
    "SortSlot-8": "Block",
    "SortSlot-9": "Block"
  },
  "InvMove": {
    "NoDetectable": false,
    "Rotate": false,
    "AACAdditionPro": false,
    "NoMoveClicks": false
  },
  "ItemESP": {
    "Mode": "ShaderGlow",
    "ShaderRadius": 3.12,
    "R": 251,
    "G": 255,
    "B": 255,
    "Rainbow": true
  },
  "ItemTeleport": {
    "Mode": "New",
    "ResetAfterTP": true,
    "Button": "Middle"
  },
  "KeepAlive": {
    "Mode": "/heal"
  },
  "Kick": {
    "Mode": "Quit"
  },
  "KillAura": {
    "MaxCPS": 12,
    "MinCPS": 9,
    "HurtTime": 10,
    "Cooldown": 0.0,
    "Range": 3.67,
    "BlockRange": 3.0,
    "ThroughWallsRange": 0.0,
    "RangeSprintReducement": 0.0,
    "Priority": "Distance",
    "TargetMode": "Switch",
    "Swing": true,
    "KeepSprint": true,
    "DelayedBlock": true,
    "AutoBlock-AfterAttack": true,
    "BlockMode": "GameSettings",
    "BlockRate": 100,
    "RayCast": true,
    "RayCastIgnored": true,
    "LivingRayCast": false,
    "AAC": false,
    "MaxTurnSpeed": 98.18,
    "MinTurnSpeed": 94.91,
    "Lighting": true,
    "Lighting-Mode": "Dead",
    "Lighting-Sound": true,
    "RandomCenter": true,
    "RotationMode": "HytRotation",
    "Outborder": true,
    "SilentRotation": true,
    "Strafe": "Silent",
    "FOV": 90.0,
    "AlwaysHitable": false,
    "SwitchDelay": 1363,
    "Predict": false,
    "MaxPredictSize": 0.37,
    "MinPredictSize": 0.23,
    "FailRate": 0.0,
    "FakeSwing": true,
    "NoInvAttack": false,
    "NoInvDelay": 200,
    "LimitedMultiTargets": 0,
    "Mark": "Jello",
    "JelloColor": "Rainbow",
    "JelloRed": 255,
    "JelloGreen": 255,
    "JelloBlue": 255,
    "JelloAlpha": 255,
    "Saturation": 1.0,
    "Brightness": 0.99,
    "Seconds": 9,
    "JelloTeam": true,
    "JelloEndAlphaPercent": 0.4,
    "JelloCircleWidth": 0.55,
    "JelloGradientHeight": 8.0,
    "JelloFadeSpeed": 0.5,
    "FakeSharp": true,
    "Circle": true,
    "CircleRed": 255,
    "CircleGreen": 255,
    "CircleBlue": 255,
    "CircleAlpha": 255,
    "CircleAccuracy": 60
  },
  "LiquidChat": {
    "JWT": false
  },
  "LiquidWalk": {
    "Mode": "NCP",
    "NoJump": false,
    "AACFlyMotion": 0.5
  },
  "LongJump": {
    "Mode": "NCP",
    "NCPBoost": 4.25,
    "AutoJump": false
  },
  "MemoryFix": {
    "Delay": 122.98,
    "Limit": 35.96,
    "Speed": 1.0
  },
  "MotionBlur": {
    "BlurAmount": 1
  },
  "NameProtect": {
    "AllPlayers": false,
    "SkinProtect": true,
    "FakeName": "user"
  },
  "NameTags": {
    "Health": true,
    "Ping": true,
    "Distance": false,
    "Armor": true,
    "ClearNames": false,
    "Font": {
      "fontName": "Roboto Medium",
      "fontSize": 40
    },
    "Border": true,
    "Scale": 1.0,
    "Bots": true
  },
  "NoFOV": {
    "FOV": 1.25
  },
  "NoFall": {
    "Mode": "aac5.0.14",
    "MinMLGHeight": 5.0
  },
  "NoFucker": {
    "Block": 26
  },
  "NoPitchLimit": {
    "ServerSide": true
  },
  "NoRotateSet": {
    "Confirm": false,
    "ConfirmIllegalRotation": false,
    "NoZero": false
  },
  "NoSlow": {
    "PacketMode": "HuaYuTing",
    "BlockForwardMultiplier": 1.0,
    "BlockStrafeMultiplier": 1.0,
    "ConsumeForwardMultiplier": 0.2,
    "ConsumeStrafeMultiplier": 0.2,
    "BowForwardMultiplier": 1.0,
    "BowStrafeMultiplier": 1.0,
    "CustomOnGround": false,
    "CustomDelay": 60,
    "Renderer": false,
    "Soulsand": false
  },
  "NoSlowBreak": {
    "Air": false,
    "Water": false
  },
  "NoSwing": {
    "ServerSide": true
  },
  "NoWeb": {
    "Mode": "AAC5"
  },
  "Nuker": {
    "Radius": 5.2,
    "ThroughWalls": false,
    "Priority": "Distance",
    "Rotations": true,
    "Layer": false,
    "HitDelay": 4,
    "Nuke": 1,
    "NukeDelay": 1
  },
  "OldHitting": {
    "Mode": "SideDown",
    "Only-Sword": true,
    "SpeedSwing": 2,
    "itemPosX": 0.02,
    "itemPosY": 0.24,
    "itemPosZ": -0.6,
    "Scale": 1.71
  },
  "Phase": {
    "Mode": "Vanilla"
  },
  "Projectiles": {
    "Color": "Custom",
    "R": 0,
    "G": 160,
    "B": 255
  },
  "ProphuntESP": {
    "Mode": "OtherBox",
    "ShaderOutline-Radius": 1.35,
    "ShaderGlow-Radius": 2.3,
    "R": 0,
    "G": 90,
    "B": 255,
    "Rainbow": false
  },
  "Rainbow": {
    "Start": 0.1,
    "Stop": 0.2,
    "Saturation": 0.7,
    "Brightness": 1.0,
    "Speed": 1500
  },
  "Reach": {
    "CombatReach": 3.5,
    "BuildReach": 5.0
  },
  "Regen": {
    "Mode": "Vanilla",
    "Health": 18,
    "Food": 18,
    "Speed": 100,
    "NoAir": false,
    "PotionEffect": false
  },
  "ReverseStep": {
    "Motion": 1.0
  },
  "Rotations": {
    "Body": true
  },
  "SafeWalk": {
    "AirSafe": false
  },
  "Scaffold": {
    "Mode": "Expand",
    "MaxDelay": 0,
    "MinDelay": 0,
    "PlaceableDelay": true,
    "AutoBlock": "Pick",
    "Sprint": false,
    "Swing": true,
    "Search": false,
    "Down": false,
    "Picker": true,
    "PlaceTiming": "Post",
    "Eagle": "Off",
    "BlocksToEagle": 0,
    "EagleEdgeDistance": 0.2,
    "ExpandLength": 1,
    "RotationStrafe": false,
    "RotationMode": "StaticYaw",
    "SilentRotation": true,
    "KeepRotation": true,
    "KeepRotationLength": 20,
    "StaticPitchOffset": 86.0,
    "StaticYawOffset": 0.0,
    "xzRange": 0.8,
    "yRange": 0.8,
    "SearchAccuracy": 8,
    "MaxTurnSpeed": 180.0,
    "MinTurnSpeed": 180.0,
    "Zitter": false,
    "ZitterMode": "Teleport",
    "ZitterSpeed": 0.13,
    "ZitterStrength": 0.072,
    "Timer": 1.0,
    "SpeedModifier": 1.0,
    "Slow": true,
    "SlowSpeed": 0.2,
    "SameY": true,
    "SafeWalk": true,
    "AirSafe": false,
    "Counter": true,
    "Mark": false
  },
  "ServerCrasher": {
    "Mode": "Book"
  },
  "SlimeJump": {
    "Motion": 0.42,
    "Mode": "Add"
  },
  "Sneak": {
    "Mode": "MineSecure",
    "StopMove": false
  },
  "Spammer": {
    "MaxDelay": 1000,
    "MinDelay": 500,
    "Message": "Form IDeal",
    "Custom": false
  },
  "Speed": {
    "Mode": "BlocksMcBHop",
    "CustomSpeed": 1.6,
    "CustomY": 0.0,
    "CustomTimer": 1.0,
    "CustomStrafe": true,
    "CustomResetXZ": false,
    "CustomResetY": false,
    "Hypixel-MaxTimer": 2.3,
    "Hypixel-MinTimer": 0.7,
    "SpeedTimer": 1.0,
    "hypixelspeed": 0.47,
    "speedY": 0.42
  },
  "SpeedMine": {
    "Mode": "Packet",
    "BreakSpeed": 1.33,
    "Tenacity-Speed": 3.0
  },
  "Sprint": {
    "AllDirections": false,
    "Blindness": false,
    "Food": false,
    "CheckServerSide": false,
    "CheckServerSideOnlyGround": false
  },
  "Step": {
    "Mode": "NCP",
    "Height": 1.0,
    "JumpHeight": 0.42,
    "Delay": 0
  },
  "StorageESP": {
    "Mode": "Outline",
    "Chest": true,
    "EnderChest": true,
    "Furnace": true,
    "Dispenser": true,
    "Hopper": true,
    "ShulkerBox": true
  },
  "Strafe": {
    "Strength": 0.5,
    "NoMoveStop": false,
    "OnGroundStrafe": false,
    "AllDirectionsJump": false
  },
  "SuperKnockback": {
    "HurtTime": 10,
    "Mode": "WTap",
    "OnlyMove": false,
    "OnlyGround": true,
    "Delay": 0
  },
  "TNTBlock": {
    "Fuse": 10,
    "Range": 9.0,
    "AutoSword": true
  },
  "TargetStrafe": {
    "RenderMode": "Pentagon",
    "ThirdPersonView": false,
    "Radius": 0.1,
    "HoldSpace": false,
    "OnlySpeed": false,
    "keyFly": false
  },
  "Teams": {
    "ScoreboardTeam": false,
    "Color": true,
    "GommeSW": false,
    "ArmorColor": true
  },
  "Teleport": {
    "IgnoreNoCollision": true,
    "Mode": "Blink",
    "Button": "Middle"
  },
  "Timer": {
    "Speed": 2.0,
    "OnMove": true
  },
  "Title": {
    "SetTitle": "IDeal",
    "Copywriting": "Form12/10"
  },
  "Tower": {
    "Mode": "Motion",
    "AutoBlock": "Spoof",
    "Swing": true,
    "StopWhenBlockAbove": false,
    "Rotations": true,
    "KeepRotation": false,
    "OnJump": false,
    "Matrix": false,
    "PlaceTiming": "Post",
    "Timer": 1.0,
    "JumpMotion": 0.42,
    "JumpDelay": 0,
    "ConstantMotion": 0.42,
    "ConstantMotionJumpGround": 0.79,
    "TeleportHeight": 1.15,
    "TeleportDelay": 0,
    "TeleportGround": true,
    "TeleportNoMotion": false,
    "Counter": true
  },
  "Tracers": {
    "Color": "Custom",
    "Thickness": 2.0,
    "R": 0,
    "G": 160,
    "B": 255,
    "Bots": true
  },
  "Trail": {
    "Type": "Line",
    "R": 255,
    "G": 255,
    "B": 255,
    "Alpha": 67,
    "Rainbow": false,
    "Fade": true,
    "DrawThePlayer": true,
    "DrawTargets": false,
    "FadeTime": 1,
    "Precision": 4,
    "LineWidth": 3,
    "SphereScale": 1.2
  },
  "Trigger": {
    "MaxCPS": 8,
    "MinCPS": 5
  },
  "TrueSight": {
    "Barriers": true,
    "Entities": true
  },
  "Velocity": {
    "Horizontal": 0.7,
    "Vertical": 0.71,
    "VelocityTick": 1,
    "Mode": "HuaYuTing",
    "OnlyGround": false,
    "OnlyCombat": false,
    "ReverseStrength": 1.0,
    "SmoothReverseStrength": 0.05,
    "AACPushXZReducer": 2.0,
    "AACPushYReducer": true,
    "AACv4MotionReducer": 0.06,
    "LegitStrafe": false,
    "LegitFace": true
  },
  "WallClimb": {
    "Mode": "Simple",
    "ClipMode": "Fast",
    "CheckerClimbMotion": 0.0
  },
  "WaterSpeed": {
    "Speed": 1.2
  },
  "WorldAnim": {
    "Mode": "Slide",
    "ChunkAnimationDuration": 5000,
    "ChunkPosition": 256
  },
  "Zoot": {
    "BadEffects": true,
    "Fire": true,
    "NoAir": false
  }
}
